"ID","Description","GeneRatio","BgRatio","RichFactor","FoldEnrichment","zScore","pvalue","p.adjust","qvalue","geneID","Count"
"hsa05171","Coronavirus disease - COVID-19","99/865","239/9377",0.414225941422594,4.49040075458921,17.4240742492986,1.35162429752987e-41,4.52794139672508e-39,4.0975557651432e-39,"CXCL10/OAS3/OAS2/MX1/RPL13A/EIF2AK2/RPS3A/MX2/RPLP1/RPS8/STAT1/RPL26/OAS1/RPL13/RPS18/RPS28/RPS21/RPLP0/RPL10A/RPS17/C3AR1/RPLP2/RPS15/RPL3/RPL37/CASP1/RPL35/CCL2/RPS19/RPL30/RPL21/RPS5/RPL39/RPL18A/RPL32/RPS7/RPL15/RPS14/RPL36A/RPL4/RPL34/RPL8/RPL9/RPL27/RPL10/RPL31/RPL36/FAU/RPS15A/RPL17/RPL7A/TLR8/RPL7/IRF9/ACE2/RPS27/RPL38/RPL41/RPL37A/RPL23A/RPL18/RPS29/CYBB/RPS2/RPS24/RPS12/RPS13/RPL19/RPL27A/RPL6/JUN/RPS6/STAT2/RPL3L/PIK3R2/RPS9/TLR3/RPS16/TLR2/RPS10/RPSA/RPS20/NLRP3/RPL24/CFD/C1QC/RPL17-C18orf32/C1QB/RPS27A/TMPRSS2/RPL12/UBA52/IFIH1/RPL35A/RPS25/FCGR2A/TLR7/ISG15/C2",99
"hsa03010","Ribosome","81/865","223/9377",0.36322869955157,3.93756707016771,14.1525863784248,2.72434657080163e-29,4.56328050609273e-27,4.12953585468879e-27,"RPL13A/RPS3A/RPLP1/RPS8/RPL26/RPL13/RPS18/RPS28/RPS21/RPLP0/RPL10A/RPS17/RPLP2/RPS15/RPL3/RPL37/RPL35/RPS19/RPL30/RPL21/RPS5/RPL39/RPL18A/RPL32/RPS7/RPL15/RPS14/RPL36A/RPL4/RPL34/RPL8/RPL9/MRPL14/RPL27/RPL10/RPL31/RPL36/FAU/RPS15A/RPL17/RPL7A/RPL7/RPS27/RPL38/RPL41/RPL37A/MRPS31/MRPL23/RPL23A/RPL18/RPS29/RPS2/RPS24/RPS12/RPS13/RPL19/RPL27A/RPL6/MRPL12/RPS6/RPL3L/RPS9/RPS16/RPS10/RPSA/RPS20/RPL24/RACK1/RPL17-C18orf32/MRPL55/MRPS34/RPS27A/MRPS24/RPL12/UBA52/MRPL2/RPL35A/RPS25/MRPS7/MRPL52/MRPL41",81
"hsa04621","NOD-like receptor signaling pathway","39/865","187/9377",0.20855614973262,2.26084510525177,5.55169795564058,8.31355981713027e-07,6.97987685145081e-05,6.31643215465148e-05,"OAS3/GBP1/OAS2/IFI16/GBP4/STAT1/GBP5/OAS1/TXNIP/CASP4/CASP1/CCL2/IRF7/CARD16/P2RX7/GBP2/AIM2/CTSB/CARD6/ATG12/IRF9/CASP5/CYBB/NAIP/JUN/STAT2/ITPR2/ANTXR2/NOD2/NLRP3/NOD1/BIRC3/CARD8/CCL5/TRPV2/CASP8/TANK/MEFV/RNASEL",39
"hsa05164","Influenza A","37/865","173/9377",0.213872832369942,2.31848040362191,5.57968230020557,8.33418131516515e-07,6.97987685145081e-05,6.31643215465148e-05,"CXCL10/OAS3/OAS2/MX1/EIF2AK2/MX2/RSAD2/STAT1/OAS1/PML/CASP1/CCL2/IRF7/CREBBP/TNFSF10/IRF9/SLC25A6/AKT1/EP300/KPNA5/NUP98/STAT2/FASLG/PIK3R2/TLR3/NLRP3/TMPRSS2/TRIM25/JAK2/CCL5/SLC25A5/FAS/IFIH1/CASP8/TRADD/TLR7/RNASEL",37
"hsa05208","Chemical carcinogenesis - reactive oxygen species","43/865","227/9377",0.18942731277533,2.0534796669298,5.12188219020353,3.44467168562699e-06,0.000230793002937009,0.000208855883254858,"NDUFV1/ATP5F1E/NCF2/UQCRQ/GSTA2/GSTA1/BAD/COX4I1/NDUFB10/SLC25A6/UQCR11/AKT1/NDUFB7/NDUFS6/COX6A1/EPHX1/NDUFC1/JUN/NDUFA2/PIK3R2/UQCRC1/UQCRFS1/CBR1/NDUFA13/SOD2/NDUFS5/NDUFA3/HIF1A/MGST1/GSTA3/COX5A/NDUFB2/SLC25A5/NDUFA9/NDUFC2/UQCRHL/COX5B/ATP5PO/ATP5PB/COX8A/UQCRH/COX7A2/MAP2K4",43
"hsa04620","Toll-like receptor signaling pathway","26/865","109/9377",0.238532110091743,2.58579837726043,5.3084685791465,4.44015686180907e-06,0.00023183052037283,0.000209794783558131,"CXCL10/CXCL11/CXCL9/STAT1/IRF7/TLR8/TLR1/IRF9/AKT1/CD86/CCL4/JUN/STAT2/PIK3R2/TLR3/TLR2/TLR6/CCL3L3/SPP1/CCL5/CASP8/CCL3/CD80/MAP2K6/MAP2K4/TLR7",26
"hsa04932","Non-alcoholic fatty liver disease","33/865","157/9377",0.210191082802548,2.2785685357682,5.15002602820717,4.84421982868601e-06,0.00023183052037283,0.000209794783558131,"NDUFV1/UQCRQ/COX4I1/NDUFB10/UQCR11/AKT1/NDUFB7/NDUFS6/COX6A1/NDUFC1/JUN/FASLG/NDUFA2/PIK3R2/UQCRC1/UQCRFS1/NDUFA13/INSR/NDUFS5/NDUFA3/SREBF1/CASP7/COX5A/NDUFB2/NDUFA9/NDUFC2/FAS/UQCRHL/COX5B/CASP8/COX8A/UQCRH/COX7A2",33
"hsa00190","Oxidative phosphorylation","30/865","138/9377",0.217391304347826,2.35662226690123,5.11784402999737,6.3998337752411e-06,0.000267993039338221,0.000242520016745978,"NDUFV1/ATP5F1E/UQCRQ/ATP6V1B2/COX4I1/ATP5ME/NDUFB10/UQCR11/NDUFB7/NDUFS6/COX6A1/NDUFC1/NDUFA2/UQCRC1/UQCRFS1/NDUFA13/NDUFS5/ATP5MG/NDUFA3/COX5A/NDUFB2/NDUFA9/NDUFC2/UQCRHL/COX5B/ATP5PO/ATP5PB/COX8A/UQCRH/COX7A2",30
"hsa05160","Hepatitis C","31/865","156/9377",0.198717948717949,2.15419445679561,4.63397106805504,3.01903628241075e-05,0.00112375239400845,0.0010169385372331,"IFIT1/CXCL10/OAS3/OAS2/MX1/EIF2AK2/MX2/RSAD2/STAT1/OAS1/IRF7/CLDN4/CLDN7/CFLAR/BAD/IRF9/AKT1/CLDN3/STAT2/FASLG/PIK3R2/TLR3/PPP2R1B/CD81/PPP2CB/PIAS1/FAS/CLDN16/CASP8/TRADD/RNASEL",31
"hsa05016","Huntington disease","49/865","308/9377",0.159090909090909,1.7246190225959,4.12198525381904,9.76546418183432e-05,0.00299745092527648,0.0027125400360711,"NDUFV1/ATP5F1E/POLR2L/UQCRQ/TUBB2A/CREBBP/TUBB4B/GRIA4/COX4I1/NDUFB10/SLC25A6/UQCR11/NDUFB7/NDUFS6/EP300/COX6A1/NDUFC1/POLR2I/CREB5/SLC1A3/NDUFA2/UQCRC1/UQCRFS1/DNAI2/NDUFA13/GPX1/POLR2J/IFT57/SOD2/NDUFS5/NDUFA3/TUBA1B/RCOR1/DNALI1/PSMB6/COX5A/NDUFB2/SLC25A5/NDUFA9/NDUFC2/UQCRHL/COX5B/CASP8/ATG2A/ATP5PO/ATP5PB/COX8A/UQCRH/COX7A2",49
"hsa05162","Measles","27/865","136/9377",0.198529411764706,2.15215062903774,4.31439869517843,9.84237617254964e-05,0.00299745092527648,0.0027125400360711,"OAS3/OAS2/MX1/EIF2AK2/MX2/STAT1/OAS1/IRF7/BAD/IRF9/AKT1/JUN/STAT2/FASLG/IL2RG/PIK3R2/TLR2/STAT5A/RACK1/IL2RA/CCND2/MSN/FAS/IFIH1/CASP8/TRADD/TLR7",27
"hsa05415","Diabetic cardiomyopathy","35/865","205/9377",0.170731707317073,1.8508106583956,3.92625836707163,0.000244105277214773,0.00656507062466336,0.0059410536996168,"NDUFV1/ATP5F1E/NCF2/UQCRQ/COX4I1/NDUFB10/SLC25A6/UQCR11/AKT1/NDUFB7/NDUFS6/COX6A1/CYBB/NDUFC1/NDUFA2/PIK3R2/UQCRC1/UQCRFS1/NDUFA13/INSR/NDUFS5/NDUFA3/CTSD/COX5A/NDUFB2/SLC25A5/NDUFA9/NDUFC2/UQCRHL/COX5B/ATP5PO/ATP5PB/COX8A/UQCRH/COX7A2",35
"hsa04061","Viral protein interaction with cytokine and cytokine receptor","21/865","100/9377",0.21,2.27649710982659,4.09088341782259,0.000254763934688429,0.00656507062466336,0.0059410536996168,"CXCL10/CXCL11/CXCL9/CCL2/CCR1/IL10RA/TNFSF10/TNFSF14/CCL4/CCR5/IL2RG/TNFRSF1B/CXCR1/CCL8/IL2RA/CCL3L3/CX3CR1/CCL5/CCL3/IL20RA/CXCR4",21
"hsa04210","Apoptosis","26/865","137/9377",0.18978102189781,2.05731403738239,3.97401353288321,0.000280864554038929,0.00672068754307438,0.00608187906490313,"CFLAR/TNFSF10/CTSB/BAD/CTSH/SEPTIN4/AKT1/CASP10/LMNA/JUN/FASLG/ITPR2/LMNB1/PIK3R2/TRAF1/GADD45A/MCL1/CTSL/TUBA1B/PRF1/BIRC3/CTSD/CASP7/FAS/CASP8/TRADD",26
"hsa05020","Prion disease","43/865","275/9377",0.156363636363636,1.69505412506569,3.72921654288314,0.000377316569776764,0.00842673672501438,0.00762576646285669,"NDUFV1/ATP5F1E/NCF2/UQCRQ/TUBB2A/TUBB4B/BAD/COX4I1/NDUFB10/SLC25A6/UQCR11/NDUFB7/NDUFS6/COX6A1/CYBB/NDUFC1/CREB5/ITPR2/NDUFA2/PIK3R2/UQCRC1/UQCRFS1/NDUFA13/C1QC/NDUFS5/NDUFA3/TUBA1B/C1QB/PSMB6/FYN/CCL5/COX5A/NDUFB2/SLC25A5/NDUFA9/NDUFC2/UQCRHL/COX5B/ATP5PO/ATP5PB/COX8A/UQCRH/COX7A2",43
"hsa05010","Alzheimer disease","56/865","388/9377",0.144329896907216,1.56460282462309,3.62079773305735,0.000442823439466996,0.00927161576384023,0.00839033885305888,"EIF2AK2/NDUFV1/ATP5F1E/UQCRQ/TUBB2A/TUBB4B/BAD/COX4I1/NDUFB10/SLC25A6/UQCR11/AKT1/NDUFB7/NDUFS6/COX6A1/CYBB/NDUFC1/ITPR2/NDUFA2/CHRNA7/PIK3R2/PSENEN/UQCRC1/UQCRFS1/NDUFA13/DVL1/INSR/NDUFS5/FZD6/FZD3/CALML3/NDUFA3/TUBA1B/LRP1/CASP7/PSMB6/WNT7A/COX5A/NDUFB2/SLC25A5/NDUFA9/NDUFC2/FAS/NCSTN/UQCRHL/COX5B/CASP8/ATG2A/ATP5PO/ATP5PB/APBB1/MAPT/COX8A/UQCRH/COX7A2/LRP5",56
"hsa05167","Kaposi sarcoma-associated herpesvirus infection","33/865","196/9377",0.168367346938776,1.82517989854901,3.72162600370381,0.000471142614537325,0.00928428093352964,0.00840180018493806,"EIF2AK2/STAT1/IRF7/CCR1/MICA/CREBBP/MICB/IRF9/AKT1/CD86/EP300/CCR5/CLEC2B/JUN/STAT2/PIK3R5/ITPR2/RCAN1/PIK3R2/TLR3/CALML3/RPS27A/HIF1A/UBA52/JAK2/FAS/GNB4/CASP8/LYN/TRADD/PREX1/MAP2K6/MAP2K4",33
"hsa05130","Pathogenic Escherichia coli infection","33/865","200/9377",0.165,1.78867630057803,3.59388741734687,0.000680857712547963,0.0126715185390871,0.0114670772639657,"EZR/CASP4/CASP1/TUBB2A/CLDN4/TUBB4B/CLDN7/TNFSF10/CLDN3/CTTN/NAIP/JUN/MYO5A/FASLG/WIPF2/NLRP3/TMED10/ARHGEF11/TUBA1B/SEC24C/HCLS1/ARHGEF2/CASP7/NCKAP1L/FYN/MYH14/MYH11/ARPC1A/FAS/CLDN16/CASP8/TRADD/FCGR2A",33
"hsa04668","TNF signaling pathway","22/865","119/9377",0.184873949579832,2.00411910428911,3.51399523355211,0.00115684352245217,0.0203969778958673,0.0184582235161344,"CXCL10/CCL2/CFLAR/AKT1/CASP10/MLKL/IRF1/JUN/CREB5/PIK3R2/TRAF1/TNFRSF1B/NOD2/BIRC3/CASP7/CCL5/FAS/CASP8/TRADD/MAP2K6/IL15/MAP2K4",22
"hsa04714","Thermogenesis","36/865","235/9377",0.153191489361702,1.66066658467593,3.2696156976442,0.00159403730709443,0.0267001248938318,0.0241622497075367,"NDUFV1/ATP5F1E/UQCRQ/COX4I1/ATP5ME/NDUFB10/UQCR11/NDUFB7/NDUFS6/COX6A1/ACSL4/NDUFC1/RPS6/CREB5/NDUFA2/UQCRC1/UQCRFS1/NDUFA13/ADCY7/NDUFS5/COA4/ATP5MG/COA3/NDUFA3/COX5A/NDUFB2/NDUFA9/COX16/NDUFC2/UQCRHL/COX5B/ATP5PO/ATP5PB/COX8A/UQCRH/COX7A2",36
"hsa05022","Pathways of neurodegeneration - multiple diseases","63/865","480/9377",0.13125,1.42281069364162,3.03141804757282,0.00238529234190877,0.0380510921209257,0.0344342954621417,"UBE2L6/NDUFV1/ATP5F1E/UQCRQ/TUBB2A/TUBB4B/GRIA4/BAD/COX4I1/NDUFB10/SLC25A6/UQCR11/NDUFB7/NDUFS6/COX6A1/CYBB/NDUFC1/RAB8A/FASLG/ITPR2/NDUFA2/CHRNA7/UQCRC1/UQCRFS1/TNFRSF1B/DNAI2/NDUFA13/DVL1/GPX1/IFT57/NDUFS5/FZD6/FZD3/CALML3/NDUFA3/TUBA1B/RPS27A/DNALI1/CASP7/UBA52/PSMB6/SMCR8/WNT7A/COX5A/NDUFB2/SLC25A5/NDUFA9/TOMM40L/NDUFC2/FAS/UQCRHL/COX5B/CASP8/ATG2A/ATP5PO/ATP5PB/MAPT/MAP2K6/COX8A/UQCRH/COX7A2/TANK/LRP5",63
"hsa05142","Chagas disease","19/865","103/9377",0.184466019417476,1.99969695269095,3.25202952926969,0.00250670945827795,0.0381703485692324,0.034542216458567,"CCL2/CFLAR/AKT1/JUN/FASLG/PIK3R2/TLR2/PPP2R1B/TLR6/C1QC/PPP2CB/CCL3L3/C1QB/CCL5/FAS/CASP8/CCL3/SERPINE1/MAP2K4",19
"hsa05012","Parkinson disease","39/865","268/9377",0.145522388059701,1.57752998015702,3.05778978415317,0.00270798513564661,0.0394423921931136,0.0356933509870125,"UBE2L6/NDUFV1/ATP5F1E/UQCRQ/TUBB2A/TUBB4B/COX4I1/NDUFB10/SLC25A6/UQCR11/NDUFB7/NDUFS6/COX6A1/NDUFC1/ITPR2/NDUFA2/UQCRC1/UQCRFS1/NDUFA13/NDUFS5/CALML3/NDUFA3/TUBA1B/RPS27A/UBA52/PSMB6/COX5A/NDUFB2/SLC25A5/NDUFA9/NDUFC2/UQCRHL/COX5B/ATP5PO/ATP5PB/MAPT/COX8A/UQCRH/COX7A2",39
